track_name,artist(s)_name,released_year,in_spotify_playlists,streams,in_apple_playlists,in_deezer_playlists,bpm,key,mode,danceability_%,valence_%,energy_%,acousticness_%,instrumentalness_%,liveness_%,speechiness_%,mood
TULUM,"Peso Pluma, Grupo Frontera",2023,266,52294266,20,13,168,F#,Major,56,63,87,39,0,11,5,Carica
How Do I Make You Love Me?,The Weeknd,2022,1915,119238316,7,15,121,G,Minor,80,62,51,2,0,9,8,Ballabile
Escapism.,"RAYE, 070 Shake",2022,5129,532336353,116,114,96,D,Major,54,25,74,14,0,9,11,Felicità
After Dark,Mr.Kitty,2014,1776,646886885,1,3,140,G#,Major,58,4,60,7,41,8,3,Felicità
MONTERO (Call Me By Your Name),Lil Nas X,2020,12329,1735441776,275,738,179,G#,Minor,61,76,51,30,0,38,15,Felicità
Boy With Luv (feat. Halsey),"Halsey, BTS",2019,4260,1065580332,113,259,120,B,Minor,65,80,86,9,0,19,10,Felicità
Un Finde | CROSSOVER #2,"Big One, FMK, Ke personajes",2023,561,142095275,4,12,192,B,Major,50,85,52,11,0,28,6,Felicità
Es un Secreto,Plan B,2010,492,540654286,4,19,95,F#,Minor,84,52,77,12,0,7,4,Ballabile
Ella Baila Sola,"Eslabon Armado, Peso Pluma",2023,3090,725980112,34,43,148,F,Minor,67,83,76,48,0,8,3,Felicità
Smells Like Teen Spirit - Remastered 2021,Nirvana,1991,49991,1690192927,265,"12,367",117,C#,Major,52,73,91,0,0,11,7,Carica
LLYLM,ROSALï¿½,2023,1838,124988687,105,114,170,F#,Minor,56,56,63,13,0,19,27,Carica
Until I Found You (with Em Beihold) - Em Beihold Version,"Em Beihold, Stephen Sanchez",2022,2790,600976848,60,71,101,A#,Major,34,32,57,78,0,20,3,Relax
All For Us - from the HBO Original Series Euphoria,"Labrinth, Zendaya",2019,5342,426204830,33,7,141,D#,Major,37,17,67,2,0,34,9,Felicità
LOKERA,"Brray, Rauw Alejandro, Lyanno",2022,3301,471819764,72,64,102,B,Minor,83,58,83,21,0,10,5,Ballabile
SOS,SZA,2022,827,73981293,6,1,119,G,Minor,51,51,66,67,0,9,23,Carica
One Dance,"Drake, WizKid, Kyla",2016,43257,2713922350,433,"3,631",104,C#,Major,77,36,63,1,0,36,5,Ballabile
Haegeum,Agust D,2023,244,118810253,6,10,85,G,Major,70,83,84,31,0,47,30,Felicità
Unstoppable,Sia,2016,7681,939844851,119,"1,145",174,A,Major,47,27,78,11,0,10,8,Carica
Bussin,"Nicki Minaj, Lil Baby",2022,847,64714573,25,14,140,B,Major,89,75,70,6,0,13,5,Felicità
TV,Billie Eilish,2022,3009,338564981,68,65,141,E,Minor,41,9,25,84,1,14,4,Tristezza
Stargirl Interlude,"The Weeknd, Lana Del Rey",2016,1275,611700552,13,5,90,F,Minor,59,52,48,38,5,10,11,Relax
White Christmas,"Bing Crosby, John Scott Trotter & His Orchestra, Ken Darby Singers",1942,11940,395591396,73,123,96,A,Major,23,19,25,91,0,40,3,Tristezza
Cinema,Harry Styles,2022,2171,189236868,18,28,106,A,Minor,83,90,64,35,5,9,4,Felicità
MONEY,Lisa,2021,2566,863625566,44,131,140,C#,Minor,83,40,55,16,0,14,23,Ballabile
Die For You,The Weeknd,2016,2483,1647990401,68,24,134,C#,Minor,59,51,52,9,0,15,7,Felicità
Sky,Playboi Carti,2020,3297,506778838,25,52,140,D,Major,79,56,91,26,0,13,21,Carica
Tattoo,Loreen,2023,2988,201660859,74,145,150,D#,Minor,55,30,78,24,0,12,8,Carica
Static,Steve Lacy,2022,1613,202452860,21,13,79,C#,Major,34,22,31,43,63,10,7,Relax
Hey Mor,"Ozuna, Feid",2022,4637,674072710,63,89,98,C#,Minor,90,40,59,0,0,10,29,Ballabile
Bam Bam (feat. Ed Sheeran),"Camila Cabello, Ed Sheeran",2022,6111,756907987,185,492,95,G#,Major,76,96,70,18,0,33,4,Felicità
Conceited,SZA,2022,899,56870689,2,2,150,C#,Major,79,77,46,5,0,11,7,Ballabile
Dua Lipa,Jack Harlow,2022,1992,150500965,35,3,158,B,Major,83,41,65,0,10,11,8,Carica
MOJABI GHOST,"Tainy, Bad Bunny",2023,859,61245289,35,41,122,F#,Minor,81,74,71,14,0,56,4,Felicità
On Time (with John Legend),"John Legend, Metro Boomin",2022,398,78139948,2,6,80,F,Minor,33,51,59,76,0,44,6,Relax
Payphone,"Maroon 5, Wiz Khalifa",2012,14143,1479264469,56,"1,891",110,E,Major,74,51,74,2,0,29,4,Carica
ALIEN SUPERSTAR,Beyoncï¿,2022,2688,171788484,39,36,122,A#,Minor,55,46,64,0,0,17,10,Carica
La Bachata,Manuel Turizo,2022,6804,1214083358,139,161,125,G,Minor,84,85,68,58,0,22,4,Felicità
Doja,Central Cee,2022,4169,482257456,57,183,140,F#,Major,91,97,57,38,0,40,29,Felicità
Sticky,Drake,2022,2814,191448892,38,25,137,A#,Minor,88,8,49,9,0,9,14,Ballabile
Way 2 Sexy (with Future & Young Thug),"Drake, Future, Young Thug",2021,5481,489945871,144,86,136,B,Minor,80,33,60,0,0,32,14,Carica
Gato de Noche,"Nengo Flow, Bad Bunny",2022,2651,304118600,21,32,94,G#,Major,89,61,66,17,0,36,16,Ballabile
Brividi,"Mahmood, Blanco",2022,1175,135079152,34,31,123,G,Major,52,44,60,40,0,26,3,Relax
Ginseng Strip 2002,Yung Lean,2013,4310,240769997,13,113,115,C#,Major,60,37,71,8,0,48,4,Carica
SPACE MAN,Sam Ryder,2022,1329,54682594,42,32,80,B,Major,47,33,83,18,0,10,5,Felicità
WANDA,Quevedo,2023,888,175399345,11,7,176,E,Minor,72,96,63,25,0,21,7,Felicità
LADY GAGA,"Gabito Ballesteros, Junior H, Peso Pluma",2023,332,86444842,11,10,140,F,Minor,65,87,74,22,0,42,4,Felicità
Do We Have A Problem?,"Nicki Minaj, Lil Baby",2022,1064,81350745,42,26,120,C#,Minor,84,54,51,47,0,12,40,Relax
Far,SZA,2022,680,51641685,2,1,116,D,Major,61,48,55,67,0,16,8,Relax
What It Is (Solo Version),Doechii,2023,804,95131998,29,24,172,C#,Minor,74,76,76,6,0,10,9,Felicità
Enchanted (Taylor's Version),Taylor Swift,2023,148,39578178,32,8,82,G#,Major,51,22,53,1,0,15,3,Felicità
People Pt.2 (feat. IU),"IU, Agust D",2023,209,95816024,4,11,89,G,Minor,73,44,57,39,0,32,6,Relax
Dijeron Que No La Iba Lograr,"Fuerza Regida, Chino Pacas",2023,320,116334601,5,2,142,G,Minor,70,76,79,26,0,11,7,Felicità
"Sex, Drugs, Etc.",Beach Weather,2016,3006,480507035,47,87,144,E,Minor,57,47,84,1,1,52,4,Carica
It's Beginning to Look a Lot Like Christmas (with Mitchell Ayres & His Orchestra),"Perry Como, The Fontane Sisters, Mitchell Ayres & His Orchestra",1958,6290,295998468,89,158,113,G,Major,73,72,32,77,0,15,5,Felicità
Rich - Interlude,Kendrick Lamar,2022,1103,41210087,0,0,104,G,Major,44,74,42,88,0,9,9,Felicità
S-Class,Stray Kids,2023,290,65496046,9,5,105,F,Minor,89,67,78,9,0,7,33,Felicità
Jhoome Jo Pathaan,"Arijit Singh, Vishal Dadlani, Sukriti Kakar, Vishal-Shekhar, Shekhar Ravjiani, Kumaar",2022,138,1365184,13,2,105,G,Major,82,62,74,10,0,33,7,Ballabile
Thunder,"Prezioso, Gabry Ponte, LUM!X",2021,4846,422691058,54,259,101,C#,Major,67,40,90,3,0,34,6,Ballabile
Easy On Me,Adele,2021,10195,1406111294,258,657,142,F,Major,60,13,37,58,0,13,3,Tristezza
Sparks,Coldplay,2000,10826,624101957,24,805,103,C#,Major,37,17,27,75,5,10,3,Tristezza
Chance,Paulo Londra,2022,225,89566512,11,7,138,C#,Minor,72,22,46,24,0,9,6,Ballabile
Heather,Conan Gray,2020,6170,1301799902,82,231,92,F,Major,47,25,43,62,0,32,3,Relax
Love Language,SZA,2022,1127,110849052,16,8,65,A,Minor,71,55,26,85,0,13,8,Relax
Good Looking,Suki Waterhouse,2017,2264,184706613,11,25,150,E,Major,37,27,56,8,0,13,3,Felicità
Before You Go,Lewis Capaldi,2019,8327,1608045237,205,625,112,D#,Major,45,19,60,63,0,9,6,Felicità
Take On Me,a-ha,1984,44927,1479115056,34,"5,108",84,F#,Minor,57,86,90,2,0,9,5,Felicità
Sï¿½ï¿½,"Anuel Aa, Myke Towers, Jhay Cortez",2021,903,177129919,30,15,90,F#,Minor,63,75,75,17,0,11,8,Felicità
Bound 2,Kanye West,2013,19806,703301727,33,274,149,C#,Major,37,28,66,14,0,9,5,Carica
Apocalypse,Cigarettes After Sex,2017,13091,841749534,61,790,94,F,Major,37,17,47,2,46,11,3,Neutro
Princess Diana (with Nicki Minaj),"Nicki Minaj, Ice Spice",2023,1444,104992946,0,0,148,A,Major,90,74,68,14,0,10,19,Felicità
Agosto,Bad Bunny,2022,897,246127838,6,8,115,C#,Minor,85,72,58,9,0,49,12,Felicità
"Villano Antillano: Bzrp Music Sessions, Vol. 51","Bizarrap, Villano Antillano",2022,1401,248511839,26,17,128,C#,Minor,82,42,75,6,0,63,6,Carica
Novidade na ï¿½ï¿,"Mc Livinho, DJ Matt D",2023,267,39709092,9,25,130,F,Major,63,36,34,76,0,35,9,Relax
Miracle (with Ellie Goulding),"Calvin Harris, Ellie Goulding",2023,5120,211050784,161,246,143,A,Major,64,31,87,4,4,8,4,Carica
25k jacket (feat. Lil Baby),"Gunna, Lil Baby",2022,620,54937991,17,3,115,F,Minor,90,74,54,16,0,13,28,Ballabile
Soy El Unico,Yahritza Y Su Esencia,2022,226,126443991,5,4,84,E,Minor,71,63,45,45,0,11,3,Relax
LAGUNAS,"Jasiel Nuï¿½ï¿½ez, Peso P",2023,58,39058561,2,4,116,B,Major,77,79,62,33,1,15,3,Felicità
Nonsense,Sabrina Carpenter,2022,2346,342897938,69,38,139,G#,Major,74,68,68,3,0,26,4,Felicità
"Besharam Rang (From ""Pathaan"")","Vishal-Shekhar, Shilpa Rao, Caralisa Monteiro, Kumaar, Vishal Dadlani, Shekhar Ravjiani",2022,130,140187018,21,2,116,G#,Minor,77,65,80,6,0,15,4,Felicità
Lover,Taylor Swift,2012,8448,882831184,160,163,206,G,Major,43,50,55,50,0,15,10,Felicità
Crown,Kendrick Lamar,2022,1493,42485571,2,10,170,C#,Minor,37,14,24,80,0,11,4,Tristezza
Snooze,SZA,2022,2839,399686758,58,42,143,F,Major,56,39,55,14,0,11,13,Felicità
Love Again,The Kid Laroi,2023,1283,147538971,57,48,107,B,Minor,66,47,40,72,0,11,3,Relax
Malvadï¿½ï¿,"Xamï¿½ï¿½, Gustah, Neo B",2021,648,240684449,14,81,133,F#,Minor,82,52,61,38,0,14,27,Carica
Hot Shit (feat. Ye & Lil Durk),"Kanye West, Lil Durk, Cardi B",2022,1601,85924992,11,2,157,A,Major,88,52,69,0,0,8,23,Carica
Mary On A Cross,Ghost,2019,2668,387080183,38,78,130,B,Major,47,56,90,0,0,10,4,Carica
happier,Olivia Rodrigo,2021,3069,850608354,25,105,169,F#,Major,39,36,45,81,0,8,13,Tristezza
Rolling in the Deep,Adele,2010,35684,1472799873,195,"6,280",105,G#,Major,73,52,76,13,0,5,3,Ballabile
Chemical,Post Malone,2023,2528,172825906,56,59,170,D,Major,50,37,90,0,0,12,5,Carica
Super Shy,NewJeans,2023,422,58255150,37,21,150,F,Minor,78,52,82,18,0,15,7,Carica
Last Christmas,Wham!,1984,22153,1159176109,274,"1,302",107,B,Minor,74,88,65,28,0,46,3,Felicità
Die For You - Remix,"Ariana Grande, The Weeknd",2023,3408,518745108,87,74,67,C#,Minor,53,50,53,23,0,44,7,Felicità
Starboy,"The Weeknd, Daft Punk",2016,29536,2565529693,281,"2,445",186,G,Major,68,49,59,16,0,13,28,Felicità
Neverita,Bad Bunny,2022,2590,671365962,20,35,122,A#,Major,88,43,50,7,0,14,5,Ballabile
Take Me To Church,Hozier,2013,23804,2135158446,187,"4,623",129,E,Minor,57,41,66,63,0,12,5,Carica
Cash In Cash Out,"Pharrell Williams, Tyler, The Creator, 21 Savage",2022,2313,136676504,34,29,120,G,Major,88,15,56,1,0,8,6,Ballabile
Vegas (From the Original Motion Picture Soundtrack ELVIS),Doja Cat,2022,4576,448500832,79,93,160,G#,Minor,80,74,60,8,0,14,26,Felicità
Fuera del mercado,Danny Ocean,2022,2499,421365166,68,43,92,G#,Major,45,27,67,32,0,13,14,Felicità
"Here We Goï¿½ï¿½ï¿½ Again (feat. Tyler, the Cr","The Weeknd, Tyler, The Creator",2022,1420,88103848,7,7,135,C#,Major,41,27,64,36,0,60,3,Carica
"Angel Pt 1 (feat. Jimin of BTS, JVKE & Muni Long)","Kodak Black, NLE Choppa, Muni Long, JVKE, Jimin",2023,577,133753727,22,15,74,A#,Minor,53,24,67,11,0,10,28,Felicità
La Zona,Bad Bunny,2020,1188,312622938,13,15,94,C#,Minor,76,81,80,20,0,25,4,Felicità
El Apagï¿½,Bad Bunny,2022,1209,212351890,9,14,118,G#,Major,63,60,70,5,0,9,31,Carica
"Annihilate (Spider-Man: Across the Spider-Verse) (Metro Boomin & Swae Lee, Lil Wayne, Offset)","Swae Lee, Lil Wayne, Offset, Metro Boomin",2023,551,86773632,13,20,146,B,Minor,61,20,48,21,0,12,6,Ballabile
City of Gods,"Kanye West, Alicia Keys, Fivio Foreign",2022,2096,107255472,34,30,147,G#,Minor,47,50,80,10,0,32,38,Carica
KU LO SA - A COLORS SHOW,Oxlade,2022,2019,222410722,117,107,93,A#,Minor,65,79,66,31,0,22,7,Felicità
Notion,The Rare Occasions,2016,2393,421135627,22,65,160,A,Major,31,30,88,7,0,8,8,Carica
Punto G,Quevedo,2022,1985,381161027,34,37,92,B,Minor,75,55,76,25,0,10,15,Ballabile
Let It Snow! Let It Snow! Let It Snow!,Dean Martin,1959,6512,446390129,88,277,134,C#,Major,45,72,24,91,0,18,4,Felicità
Quï¿½ï¿½ Ago,"Yuridia, Angela Aguilar",2022,660,236857112,19,18,98,B,Major,73,88,57,56,0,5,2,Felicità
favorite crime,Olivia Rodrigo,2021,3681,783706581,20,99,173,A,Major,40,19,29,86,0,34,4,Tristezza
Cupid - Twin Ver.,Fifty Fifty,2023,2942,496795686,91,78,120,B,Minor,78,76,59,43,0,34,3,Felicità
Cruel Summer,Taylor Swift,2019,7858,800840817,116,125,170,A,Major,55,58,72,11,0,11,15,Carica
True Love,"Kanye West, XXXTENTACION",2022,2129,194902696,23,44,84,F,Minor,71,39,86,2,0,51,25,Ballabile
Watch This - ARIZONATEARS Pluggnb Remix,"sped up nightcore, ARIZONATEARS, Lil Uzi Vert",2023,1638,207033255,0,21,130,B,Minor,69,36,90,1,10,15,4,Carica
Iris,The Goo Goo Dolls,1998,13101,1284942608,137,582,156,B,Minor,32,49,72,0,0,9,4,Carica
Tubarï¿½ï¿½o Te,"Dj LK da Escï¿½ï¿½cia, Tchakabum, mc jhenny, M",2022,1003,116144341,21,44,130,E,Minor,89,48,74,30,0,7,36,Carica
Dream On,Aerosmith,1973,168,838586769,0,5,80,F,Minor,39,24,43,39,0,23,3,Relax
Rich Flex,"Drake, 21 Savage",2022,4657,573633020,84,42,153,B,Minor,56,42,52,5,0,36,24,Felicità
love nwantiti (ah ah ah),Ckay,2019,5669,726837877,74,262,93,F,Minor,74,53,73,61,0,13,4,Ballabile
Boyfriend,Dove Cameron,2022,3766,496311364,76,102,180,G,Minor,35,23,61,23,0,19,6,Felicità
Evergreen (You Didnï¿½ï¿½ï¿½t Deserve Me A,Omar Apollo,2022,2499,227918678,70,49,82,A,Major,70,31,34,60,1,11,4,Relax
Thought You Should Know,Morgan Wallen,2022,968,203221468,16,1,140,F#,Major,53,51,70,49,0,14,3,Carica
Knife Talk (with 21 Savage ft. Project Pat),"Drake, Project Pat, 21 Savage",2021,5199,594482982,45,45,146,F,Minor,85,22,37,13,0,7,30,Ballabile
La Bebe - Remix,"Peso Pluma, Yng Lvcas",2023,2953,553634067,49,66,170,D,Minor,81,56,48,21,0,8,33,Felicità
Di Que Si,"Grupo Marca Registrada, Grupo Frontera",2023,356,147290338,4,4,182,A,Major,57,80,59,8,0,6,5,Felicità
SABOR FRESA,Fuerza Regida,2023,250,78300654,16,10,130,G,Minor,79,96,86,9,0,9,9,Felicità
Escapism. - Sped Up,"RAYE, 070 Shake",2022,1368,184308753,12,11,108,F#,Minor,44,38,77,9,0,9,20,Felicità
Until I Found You,Stephen Sanchez,2021,4427,726434358,69,154,202,A#,Major,34,25,51,69,0,18,4,Felicità
MAMIII,"Karol G, Becky G",2022,6809,716591492,151,175,94,E,Minor,84,90,70,9,0,14,8,Felicità
With you,"HA SUNG WOON, Jimin",2022,343,240580042,4,11,150,D#,Major,53,14,43,64,0,13,3,Tristezza
On BS,"Drake, 21 Savage",2022,1338,170413877,9,7,158,A,Major,84,33,36,2,0,39,59,Ballabile
Astronaut In The Ocean,Masked Wolf,2019,7191,1138474110,146,478,150,E,Minor,78,47,70,18,0,15,9,Carica
Besos Moja2,"Wisin & Yandel, ROSALï¿½",2022,2460,309483971,53,56,94,F,Minor,74,64,73,6,0,10,6,Ballabile
SUPERMODEL,Mï¿½ï¿½ne,2022,2265,231657891,93,173,121,G,Major,64,80,88,0,0,12,6,Felicità
Stand By Me (feat. Morgan Wallen),"Lil Durk, Morgan Wallen",2023,381,46065667,23,6,134,B,Major,76,61,58,6,0,16,3,Ballabile
X SI VOLVEMOS,"Karol G, Romeo Santos",2023,2127,266624541,45,53,178,C#,Minor,79,58,78,34,0,11,25,Carica
Too Many Nights (feat. Don Toliver & with Future),"Future, Metro Boomin, Don Toliver",2022,2110,286400165,17,19,88,G,Minor,68,17,71,15,0,11,5,Ballabile
GATï¿½ï¿½,"Maldy, Karol G",2022,3328,322336177,39,57,93,B,Minor,63,34,86,26,0,21,39,Ballabile
Polaroid Love,ENHYPEN,2022,461,211372494,10,17,138,G,Minor,74,65,67,46,0,36,4,Felicità
Pope Is a Rockstar,SALES,2016,1966,156658366,4,50,90,E,Minor,73,31,45,85,24,11,3,Relax
VOID,Melanie Martinez,2023,596,67070410,29,12,100,A,Major,72,42,66,18,4,19,4,Ballabile
Chanel,"Becky G, Peso Pluma",2023,681,161460990,15,21,132,D,Major,85,53,68,40,0,9,4,Carica
La Corriente,"Tony Dize, Bad Bunny",2022,1796,479655659,8,18,196,B,Minor,66,58,79,23,0,22,20,Carica
Party,"Bad Bunny, Rauw Alejandro",2022,3185,614555082,38,37,97,A,Major,83,47,80,2,0,24,9,Ballabile
Do I Wanna Know?,Arctic Monkeys,2013,33783,1788326445,133,"2,733",85,F,Major,55,42,53,17,0,22,3,Felicità
Back To December (Taylor's Version),Taylor Swift,2023,139,39228929,16,5,142,D,Major,50,20,64,1,0,12,3,Felicità
La Loto,"Anitta, Tini, Becky G",2022,945,121189256,49,57,90,C#,Major,85,80,83,10,0,8,11,Felicità
Peru,"Ed Sheeran, Fireboy DML",2021,2999,261286503,60,154,108,G,Minor,96,71,42,57,0,8,9,Ballabile
SORRY NOT SORRY,"Tyler, The Creator",2023,709,58473276,8,13,96,F#,Minor,48,50,80,40,0,37,20,Felicità
Here With Me,d4vd,2022,3246,635412045,94,68,132,E,Major,58,27,48,50,0,12,3,Tristezza
Every Summertime,NIKI,2021,1211,290228626,30,5,79,F#,Major,63,76,67,38,0,6,4,Felicità
Obsessed,"Abhijay Sharma, Riar Saab",2022,161,71007139,10,2,135,F,Minor,80,85,74,62,0,8,9,Felicità
Mas Rica Que Ayer,"Mambo Kingz, DJ Luian, Anuel Aa",2023,1208,146409671,10,20,94,B,Major,82,53,67,34,0,9,8,Ballabile
Callaita,"Bad Bunny, Tainy",2019,9539,1304313953,162,355,176,D,Major,61,24,62,60,0,24,31,Felicità
Vai Lï¿½ï¿½ Em Casa ,"Marï¿½ï¿½lia Mendonï¿½ï¿½a, George Henrique &",2021,772,263894529,7,89,158,G#,Minor,46,62,83,53,0,97,28,Carica
Never Felt So Alone,Labrinth,2023,1730,117747907,46,51,98,F,Major,44,36,41,50,0,38,5,Relax
Say Yes To Heaven,Lana Del Rey,2023,2000,127567540,49,63,100,F#,Minor,49,17,35,71,9,11,3,Tristezza
Ai Preto,"L7nnon, DJ Biel do Furduncinho, Bianca",2022,894,176103902,28,54,130,F#,Major,95,83,57,54,0,10,25,Felicità
Can't Hold Us (feat. Ray Dalton),"Ray Dalton, Ryan Lewis, Macklemore",2011,6074,1953533826,201,"6,551",146,D,Major,63,88,93,3,0,10,8,Felicità
"Tere Vaaste (From ""Zara Hatke Zara Bachke"")","Sachin-Jigar, Shadab Faridi, Altamash Faridi, Amitabh Bhattacharya, Varun Jain",2023,182,54225632,3,1,110,G,Minor,76,96,72,32,0,9,4,Felicità
Un Verano Sin Ti,Bad Bunny,2022,1004,283332261,8,9,188,F,Minor,50,41,50,69,0,12,6,Felicità
Malas Decisiones,Kenia OS,2022,542,156214700,23,21,110,G#,Minor,81,64,79,5,0,31,3,Carica
ceilings,Lizzy McAlpine,2022,3242,293186992,67,48,148,A,Major,51,27,33,48,0,22,3,Tristezza
Seven (feat. Latto) (Explicit Ver.),"Latto, Jung Kook",2023,553,141381703,43,45,125,B,Major,80,89,83,31,0,8,4,Felicità
The Astronaut,Jin,2022,481,203436468,10,15,125,F,Major,54,22,76,0,0,14,3,Felicità
SPIT IN MY FACE!,ThxSoMch,2022,573,301869854,1,18,166,C#,Major,70,57,57,9,20,11,7,Felicità
So Good,Halsey,2022,1057,91781263,51,19,83,D#,Minor,63,29,62,4,0,18,4,Ballabile
Agudo Mï¿½ï¿½gi,"Styrx, utku INC, Thezth",1930,323,90598517,4,14,130,F#,Minor,65,49,80,22,4,7,5,Carica
Don't Be Shy,"Tiï¿½ï¿½sto, Kar",2021,6026,566954746,171,187,120,B,Minor,77,51,79,20,0,26,6,Carica
Perfect,Ed Sheeran,2017,16596,2559529074,7,"2,094",95,G#,Major,60,17,45,16,0,11,2,Ballabile
HAPPY,NF,2023,660,52722996,22,11,106,G,Major,73,22,86,31,0,12,4,Ballabile
Si Quieren Frontear,"De La Ghetto, Duki, Quevedo",2022,859,178512385,14,11,82,A#,Major,79,48,84,13,0,21,23,Ballabile
Feliz Cumpleaï¿½ï¿½os Fe,Feid,2022,3430,601863821,45,52,95,F,Major,87,57,55,10,0,29,7,Ballabile
MERCHO,"Migrantes, LiL CaKe, Nico Valdi",2022,1267,231332117,41,56,93,F#,Minor,84,96,79,43,0,18,11,Felicità
Down Under (feat. Colin Hay),"Luude, Colin Hay",2021,3541,252871192,57,50,172,B,Minor,31,4,86,1,0,28,17,Felicità
Pussy & Millions (feat. Travis Scott),"Drake, Travis Scott, 21 Savage",2022,1930,191333656,24,17,122,E,Minor,75,45,63,6,0,35,12,Carica
A Tale By Quincy,The Weeknd,2022,733,41924466,0,2,94,F,Minor,46,55,50,71,0,10,11,Relax
"Arcï¿½ï¿½ngel: Bzrp Music Sessions, Vol","Arcangel, Bizarrap",2023,654,100409613,11,18,124,B,Minor,72,79,78,55,0,15,30,Felicità
Nobody Gets Me,SZA,2022,2536,284908316,59,58,100,G,Major,36,28,28,81,0,18,3,Relax
The Next Episode,"Dr. Dre, Snoop Dogg",1999,31762,843309044,142,"5,451",95,D#,Minor,92,31,89,3,0,8,25,Ballabile
PRC,"Natanael Cano, Peso Pluma",2023,961,436027885,19,10,138,G,Minor,78,89,83,10,0,12,5,Felicità
Malvada,Zï¿½ï¿½ Fe,2022,601,154119539,28,64,135,F,Minor,89,89,86,16,0,8,5,Felicità
OUT OUT (feat. Charli XCX & Saweetie),"Charli XCX, Jax Jones, Joel Corry, Saweetie",2021,6890,427486004,122,201,124,G#,Minor,79,79,84,2,0,5,5,Felicità
Betty (Get Money),Yung Gravy,2022,2402,221752937,45,26,102,C#,Major,73,62,75,0,0,34,8,Ballabile
Forever,Labrinth,2019,3618,282883169,21,138,80,E,Minor,56,19,46,92,72,11,3,Tristezza
MIDDLE OF THE NIGHT,Elley Duhï¿,2020,4057,872137015,78,240,186,E,Minor,41,9,61,2,0,12,5,Felicità
Sunroof,"Nicky Youre, Dazy",2021,3741,652704649,156,110,131,A#,Major,77,84,71,35,0,15,4,Felicità
Mujeriego,Ryan Castro,2021,1492,231996128,44,91,80,A,Major,76,92,62,6,0,8,13,Felicità
Everything I Love,Morgan Wallen,2023,579,95623148,11,0,104,G#,Major,56,72,85,0,0,15,3,Felicità
Driving Home for Christmas - 2019 Remaster,Chris Rea,1986,888,429504768,50,6,180,A,Major,51,87,58,36,0,18,4,Felicità
Sial,Mahalini,2023,134,166570053,4,0,120,D,Major,56,20,43,89,0,12,4,Relax
deja vu,Olivia Rodrigo,2021,7545,1256880657,117,141,181,A,Major,44,22,60,61,0,42,9,Felicità
AMARGURA,Karol G,2023,1133,153372011,14,23,107,F#,Minor,92,55,70,18,0,15,7,Ballabile
Lift Me Up - From Black Panther: Wakanda Forever - Music From and Inspired By,Rihanna,2022,3311,297328960,129,212,177,A,Major,25,17,30,90,0,13,3,Tristezza
Evoque Prata,"DJ Escobar, MC MENOR SG, MC MENOR HR",2022,852,174006928,14,50,87,G,Major,87,52,52,31,0,28,24,Ballabile
All of Me,John Legend,2013,27221,2086124197,308,"4,534",120,G#,Major,42,33,26,92,0,13,3,Relax
En Paris,"El Chachito, Junior H",2022,406,198275403,3,2,139,D#,Minor,70,77,48,37,0,12,5,Ballabile
Karma (feat. Ice Spice),"Taylor Swift, Ice Spice",2023,588,46142772,23,31,90,G#,Major,62,7,62,6,0,58,6,Ballabile
Alone,Burna Boy,2022,782,96007391,27,32,90,E,Minor,61,32,67,15,0,11,5,Ballabile
Belly Dancer,"BYOR, Imanbek",2022,5115,383835984,109,301,122,C#,Major,85,42,80,6,0,17,14,Carica
No Role Modelz,J. Cole,2014,21164,1791000570,80,476,100,A#,Minor,70,47,52,30,0,6,33,Ballabile
People,Libianca,2022,3506,373199958,105,169,198,A#,Minor,59,71,42,55,0,10,7,Felicità
Photograph,Ed Sheeran,2014,18778,2236667932,228,"2,453",108,E,Major,61,20,38,61,0,10,5,Relax
Love Nwantiti - Remix,"Ckay, AX'EL, Dj Yo!",2019,2696,540539717,42,57,120,G#,Major,58,44,60,44,9,5,6,Relax
Bones,Imagine Dragons,2021,4198,838079900,98,327,114,F,Minor,77,65,72,2,0,7,5,Felicità
Desesperados,"Chencho Corleone, Rauw Alejandro",2021,6821,809306935,83,128,90,C#,Minor,87,51,69,36,0,9,8,Ballabile
Light Switch,Charlie Puth,2022,4049,500340342,119,85,184,F#,Major,69,91,63,11,0,9,31,Felicità
Me and Your Mama,Childish Gambino,2016,8775,445590495,33,107,118,F,Major,56,25,45,1,3,7,3,Ballabile
Die Hard,"Kendrick Lamar, Blxst, Amanda Reifer",2022,4627,237351106,38,32,101,C#,Minor,78,40,74,36,0,17,27,Ballabile
Esqueï¿½ï¿½a-Me Se For C,"Marï¿½ï¿½lia Mendonï¿½ï¿½a, Maiara &",2021,580,258316038,24,93,122,F#,Minor,80,62,69,28,0,13,7,Carica
Acrï¿½ï¿½s,Shakira,2023,955,123124076,37,79,144,B,Major,75,35,48,84,0,10,12,Tristezza
Ainï¿½ï¿½ï¿½t Tha,Morgan Wallen,2023,356,88791109,4,0,121,F#,Minor,64,67,80,0,0,36,3,Felicità
Take My Breath,The Weeknd,2021,6392,432702334,174,344,121,G#,Major,75,53,74,2,0,11,5,Carica
Yellow,Chris Molitor,1999,31358,1755214421,196,"4,053",173,B,Major,43,28,66,0,0,23,3,Carica
BABY OTAKU,"Fran C, Polima WestCoast, Nickoog Clk, Pablito Pesadilla",2022,836,159240673,14,13,102,A,Major,84,43,75,5,0,6,8,Ballabile
The Night We Met,Lord Huron,2015,18515,1410088830,70,939,174,D,Major,45,10,37,97,25,64,4,Tristezza
Trance (with Travis Scott & Young Thug),"Travis Scott, Young Thug, Metro Boomin",2022,1682,276259178,24,30,119,C#,Minor,75,48,53,18,0,18,34,Ballabile
Golden,Harry Styles,2019,8429,807015863,85,200,140,E,Minor,45,25,84,21,0,13,6,Carica
Yet To Come,BTS,2022,829,302006641,32,26,172,C#,Major,56,68,89,4,0,33,19,Carica
Self Love (Spider-Man: Across the Spider-Verse) (Metro Boomin & Coi Leray),"Metro Boomin, Coi Leray",2023,332,70106975,18,5,120,A,Major,78,5,30,21,0,13,5,Ballabile
Memories,Maroon 5,2019,9974,1759567999,272,"1,066",91,B,Major,77,60,32,84,0,8,5,Relax
Moonlight,Kali Uchis,2023,2649,256483385,67,57,137,G,Minor,64,88,72,51,0,17,5,Felicità
Maan Meri Jaan,King,2022,288,319566866,11,1,96,F#,Minor,70,40,51,35,0,10,4,Relax
Run Rudolph Run - Single Version,Chuck Berry,1958,8612,245350949,120,52,152,G,Minor,69,94,71,79,0,7,8,Felicità
Con La Brisa,"Ludwig Goransson, Foudeqush",2022,486,71095708,8,7,114,D,Minor,62,25,44,51,33,14,3,Relax
Acapulco,Jason Derulo,2021,3098,363467642,111,182,122,A#,Major,77,51,79,5,0,16,5,Carica
Bloody Mary,Lady Gaga,2011,3909,372476382,66,277,100,A,Minor,59,49,65,2,0,13,3,Felicità
"Hey, Mickey!",Baby Tate,2016,482,122763672,9,12,135,D,Major,92,73,51,55,0,15,6,Ballabile
cï¿½ï¿½mo dormi,Rels B,2022,1452,331511413,16,20,126,C#,Major,63,56,43,24,0,12,23,Ballabile
Ghost,Justin Bieber,2021,5866,1167330737,107,95,154,D,Major,61,41,74,21,0,40,6,Carica
Surface Pressure,Jessica Darrow,2021,1756,267758538,38,20,180,D,Major,65,37,58,2,0,4,31,Felicità
Atlantis,Seafret,2015,3045,571386359,43,134,166,G#,Minor,40,23,48,5,0,12,3,Neutro
Si Te La Encuentras Por Ahï¿,Feid,2022,1379,179061440,23,18,172,G#,Minor,74,46,58,15,0,13,8,Felicità
Counting Stars,OneRepublic,2013,29215,2011464183,179,"3,394",122,C#,Minor,66,48,71,6,0,12,4,Carica
Rockin' Around The Christmas Tree,Brenda Lee,1958,14994,769213520,191,206,140,G#,Major,70,85,41,71,0,45,5,Ballabile
Todo De Ti,Rauw Alejandro,2020,11975,1168642797,188,268,128,D#,Minor,81,57,63,40,1,10,4,Carica
Don't ever say love me (feat. RM of BTS),"RM, Colde",2023,105,34502215,5,5,145,B,Minor,54,19,48,36,0,37,5,Tristezza
Hype Boy,NewJeans,2022,892,363472647,20,12,100,E,Minor,59,78,94,27,0,29,23,Felicità
I Can See You (Taylorï¿½ï¿½ï¿½s Version) (From The ,Taylor Swift,2023,516,52135248,73,42,123,F#,Major,69,82,76,6,0,6,3,Felicità
Shut up My Moms Calling,Hotel Ugly,2020,1788,405136812,1,19,139,A,Minor,48,37,41,32,0,10,10,Tristezza
The Scientist,Coldplay,2002,30992,1608164312,124,"7,827",146,F,Major,56,21,44,73,0,11,2,Tristezza
"Apna Bana Le (From ""Bhediya"")","Arijit Singh, Sachin-Jigar",2022,86,139836056,11,0,94,A,Major,59,44,56,80,0,6,3,Relax
Levitating (feat. DaBaby),"Dua Lipa, DaBaby",2020,15894,1802514301,198,544,103,F#,Minor,70,92,83,1,0,7,6,Felicità
THE SHADE,Rex Orange County,2022,1189,244928911,17,16,120,F,Major,90,73,51,39,0,9,6,Ballabile
Daylight,David Kushner,2023,3528,387570742,80,182,130,D,Minor,51,32,43,83,0,9,3,Relax
Feliz Navidad,Josï¿½ï¿½ Felic,1970,3788,520034544,21,10,148,D,Major,50,96,82,47,0,34,4,Felicità
Holly Jolly Christmas,Michael Bublï¿,2011,7655,476244795,5,291,151,G,Major,65,70,47,87,0,9,4,Ballabile
Thinkinï¿½ï¿½ï¿½ B,Morgan Wallen,2023,604,125917280,22,0,140,D#,Minor,66,43,76,49,0,12,3,Carica
Calm Down,Rï¿½ï,2022,4013,445763624,107,750,107,B,Major,81,82,78,38,0,12,4,Felicità
Last Night,Morgan Wallen,2023,2420,429829812,52,15,204,F#,Major,52,52,68,46,0,15,4,Carica
Yo Voy (feat. Daddy Yankee),Zion & Lennox,2004,2954,527033089,18,0,95,A#,Major,81,56,70,4,0,5,24,Ballabile
You Belong With Me (Taylorï¿½ï¿½ï¿½s Ve,Taylor Swift,2021,2619,350381515,47,1,130,F#,Major,63,49,73,5,0,9,3,Carica
The Great War,Taylor Swift,2022,1274,181382590,1,11,96,F,Major,57,55,74,22,0,8,4,Felicità
I'm Good (Blue),"Bebe Rexha, David Guetta",2022,12482,1109433169,291,537,128,G,Minor,56,38,97,4,0,35,4,Carica
Ditto,NewJeans,2022,1154,397582059,28,11,134,F#,Minor,81,18,64,3,0,10,11,Ballabile
Double Fantasy (with Future),"The Weeknd, Future",2023,1169,96180277,36,28,119,A,Minor,60,10,57,1,0,50,3,Ballabile
That That (prod. & feat. SUGA of BTS),"PSY, Suga",2022,802,212109195,16,23,130,E,Major,91,91,96,3,0,3,9,Felicità
Still D.R.E.,"Dr. Dre, Snoop Dogg",1999,33966,1210599487,141,"6,591",93,B,Major,81,53,78,18,0,6,24,Ballabile
Tom's Diner,"AnnenMayKantereit, Giant Rooks",2019,2605,236872197,15,50,98,F#,Minor,68,33,43,38,0,36,14,Relax
10 Things I Hate About You,Leah Kate,2022,1301,185550869,23,15,154,G#,Major,54,45,79,1,0,17,5,Carica
Demons,Imagine Dragons,2012,26694,1840364617,65,"3,425",180,D#,Major,33,38,71,20,0,28,5,Carica
You Proof,Morgan Wallen,2022,2128,367814306,37,9,120,A,Major,73,64,85,25,0,61,3,Carica
Mood (feat. Iann Dior),"24kgoldn, Iann Dior",2020,12854,1699402402,237,636,91,G,Minor,70,76,72,22,0,27,4,Felicità
Like Crazy,Jimin,2023,596,363369738,8,23,120,G,Major,63,36,73,0,0,36,4,Carica
Romantic Homicide,d4vd,2022,2335,681583126,82,50,132,F#,Major,56,20,55,45,1,32,3,Felicità
ýýý98 Braves,Morgan Wallen,2023,282,56533272,6,0,142,D,Major,49,48,67,10,0,26,3,Carica
Made You Look,Meghan Trainor,2022,3956,502574952,142,127,145,A#,Major,84,88,53,35,0,8,7,Ballabile
Father Time (feat. Sampha),"Kendrick Lamar, Sampha",2022,3107,127309180,4,22,153,A#,Minor,55,50,78,19,0,11,35,Carica
THE LONELIEST,Mï¿½ï¿½ne,2022,1585,225093344,78,328,130,D,Major,52,24,60,0,0,8,3,Felicità
FLOWER,JISOO,2023,839,232896922,20,20,124,A,Minor,84,64,39,3,0,11,4,Ballabile
Que Vuelvas,"Carin Leon, Grupo Frontera",2022,763,2762,21,21,162,A#,Major,49,78,64,19,0,11,4,Carica
The Business,Tiï¿½ï¿,2020,14311,1062345656,255,582,120,G#,Minor,80,24,62,41,2,11,23,Ballabile
AMG,"Natanael Cano, Gabito Ballesteros, Peso Pluma",2022,995,463564958,12,9,136,B,Minor,77,79,73,15,0,27,10,Felicità
on the street (with J. Cole),"j-hope, J. Cole",2023,615,116599790,22,8,94,B,Minor,68,81,82,53,0,9,13,Felicità
In My Head,Lil Tjay,2022,1185,190981339,21,31,143,C#,Major,68,41,55,16,0,10,12,Ballabile
Still Don't Know My Name,Labrinth,2019,6332,563902868,47,266,88,F,Major,31,31,63,47,27,21,12,Felicità
Sweetest Pie,"Dua Lipa, Megan Thee Stallion",2022,3501,299634472,69,51,124,G,Major,81,68,63,17,0,10,22,Felicità
Formula,Labrinth,2019,3444,554875730,24,102,145,B,Major,57,23,66,4,6,15,4,Felicità
Silent Hill,"Kendrick Lamar, Kodak Black",2022,3028,123216717,22,23,140,C#,Minor,92,78,57,46,0,14,9,Felicità
Phantom Regret by Jim,The Weeknd,2022,768,31959571,1,3,108,A,Minor,46,23,48,75,30,14,4,Relax
Mastermind,Taylor Swift,2022,1936,218320587,7,13,126,E,Major,66,12,35,55,0,9,14,Tristezza
Baby Don't Hurt Me,"David Guetta, Anne-Marie, Coi Leray",2023,4277,177740666,145,213,128,G,Major,60,23,91,0,0,12,3,Ballabile
ULTRA SOLO REMIX,"De La Ghetto, Feid, Polima WestCoast, Paloma Mami, Pailita",2022,2341,279717388,37,38,110,C#,Major,91,59,82,8,0,6,8,Carica
Shake It Off,Taylor Swift,2014,21335,1113838873,328,"1,378",160,G,Major,65,95,80,5,0,41,16,Felicità
Hope,XXXTENTACION,2018,3659,1200808494,11,267,146,A,Minor,59,23,46,66,0,15,6,Tristezza
Better Than Revenge (Taylor's Version),Taylor Swift,2023,86,30343206,3,3,146,B,Minor,50,67,89,0,0,19,8,Carica
Classy 101,"Feid, Young Miko",2023,2610,335222234,43,54,100,B,Major,86,67,66,14,0,12,16,Felicità
Volando - Remix,"Sech, Bad Bunny, Mora",2021,3272,610045621,101,70,154,F#,Major,66,63,69,21,0,11,7,Carica
Another Love,Tom Odell,2012,18371,1813673666,250,"3,394",123,E,Minor,45,13,54,70,0,9,4,Felicità
2 Be Loved (Am I Ready),Lizzo,2022,3682,247689123,41,158,156,G,Major,72,92,77,9,0,8,11,Felicità
PUFFIN ON ZOOTIEZ,Future,2022,2350,254218729,28,23,125,G#,Major,88,28,66,6,0,13,31,Carica
Love Grows (Where My Rosemary Goes),Edison Lighthouse,1970,2877,BPM110KeyAModeMajorDanceability53Valence75Energy69Acousticness7Instrumentalness0Liveness17Speechiness3,16,54,110,A,Major,53,75,69,7,0,17,3,Carica
Excuses,"Intense, AP Dhillon, Gurinder Gill",2020,272,327498031,7,2,95,F,Minor,84,49,72,8,0,15,8,Ballabile
Toxic,BoyWithUke,2021,1795,582981380,34,118,180,G#,Minor,59,69,61,84,0,46,36,Carica
Something in the Orange,Zach Bryan,2022,3282,449701773,67,46,110,G,Major,59,22,38,42,0,12,3,Relax
Forgot About Dre,"Eminem, Dr. Dre",1999,19067,675039469,78,"1,674",134,G#,Major,93,61,74,9,0,17,8,Carica
Danger (Spider) (Offset & JID),"Offset, JID",2023,214,24975653,3,6,143,B,Major,83,25,69,4,0,23,12,Carica
Dance The Night (From Barbie The Album),Dua Lipa,2023,2988,127408954,0,143,110,B,Minor,67,78,85,2,0,33,5,Felicità
Fim de Semana no Rio,teto,2022,315,139193812,27,31,119,C#,Minor,87,28,50,12,0,10,10,Ballabile
Snow On The Beach (feat. Lana Del Rey),"Taylor Swift, Lana Del Rey",2022,2415,323437194,33,30,110,A,Major,66,19,32,69,0,12,4,Tristezza
Sugar Rush Ride,TOMORROW X TOGETHER,2023,359,107642809,12,13,125,A#,Minor,71,83,89,1,0,17,9,Felicità
The Color Violet,Tory Lanez,2021,2585,415932686,3,21,105,F#,Minor,65,46,53,16,0,9,5,Ballabile
Sunflower - Spider-Man: Into the Spider-Verse,"Post Malone, Swae Lee",2018,24094,2808096550,372,843,90,D,Major,76,91,50,54,0,7,5,Ballabile
Bye Bye,"Marshmello, Juice WRLD",2022,766,84697729,16,9,83,D#,Minor,65,24,53,6,0,51,4,Ballabile
Die For You,Joji,2022,1703,246390068,38,36,148,G#,Major,47,15,52,38,13,29,5,Felicità
Dawn FM,The Weeknd,2022,811,53933526,1,6,78,A,Minor,27,10,49,62,0,49,5,Tristezza
Nxde,(G)I-DLE,2022,430,170709584,14,9,136,E,Minor,73,65,91,4,0,48,18,Felicità
Where Did You Go?,"MNEK, Jax Jones",2022,4531,300983101,135,119,127,A#,Major,77,53,78,19,0,29,4,Carica
Una Noche en Medellï¿½,Cris Mj,2022,5415,682475162,46,53,96,A#,Minor,87,82,53,10,0,5,8,Ballabile
La Jumpa,"Arcangel, Bad Bunny",2022,3794,538115192,47,53,123,G#,Major,71,58,70,30,0,32,19,Carica
Honest (feat. Don Toliver),"Justin Bieber, Don Toliver",2022,1351,106919680,26,17,150,G#,Minor,82,82,66,13,0,11,6,Felicità
San Lucas,Kevin Kaarl,2019,407,244891912,5,5,92,G,Major,58,27,36,86,0,9,3,Relax
Butter,BTS,2021,4779,1143647827,180,223,110,G#,Major,79,70,36,0,0,6,11,Ballabile
we fell in love in october,girl in red,2018,6858,723043854,31,15,130,G,Major,57,24,37,11,18,16,3,Ballabile
In The Stars,Benson Boone,2022,2224,382199619,48,87,78,A#,Major,36,30,54,34,0,14,5,Felicità
Miss You,Southstar,1982,2020,154356956,77,119,145,A,Major,66,24,58,17,0,19,5,Ballabile
Car's Outside,James Arthur,2019,794,265882712,38,61,150,A,Major,34,24,56,4,0,11,3,Felicità
Falling,Harry Styles,2019,7556,1023187129,124,254,110,E,Major,57,6,27,84,0,9,3,Tristezza
"Am I Dreaming (Metro Boomin & A$AP Rocky, Roisee)","A$AP Rocky, Metro Boomin, Roisee",2023,727,94186466,17,28,90,A,Minor,60,13,53,4,0,21,4,Ballabile
This Love (Taylorï¿½ï¿½ï¿½s Ve,Taylor Swift,2022,1492,132171975,26,15,144,E,Major,47,7,50,32,0,7,4,Tristezza
Seï¿½ï¿½o,"Shawn Mendes, Camila Cabello",2019,15010,2484812918,453,"1,785",117,A,Minor,76,77,52,4,0,8,3,Ballabile
BREAK MY SOUL,Beyoncï¿,2022,9724,354614964,222,259,115,C#,Minor,70,87,88,4,0,26,8,Felicità
august,Taylor Swift,2020,7324,607123776,25,61,90,F,Major,51,42,61,53,0,9,3,Felicità
Oi Balde - Ao Vivo,Zï¿½ï¿½ Neto & Crist,2023,845,145458418,12,47,108,D,Major,67,55,67,60,0,80,5,Ballabile
Cigarettes,Juice WRLD,2021,975,185408548,11,10,160,D,Major,60,47,62,3,0,38,4,Carica
Tak Segampang Itu,Anggi Marito,2022,213,179659294,7,0,130,F,Major,51,18,44,76,0,11,3,Tristezza
Open Arms (feat. Travis Scott),"SZA, Travis Scott",2022,1420,155653938,13,17,78,A,Major,67,22,59,76,1,15,16,Relax
Let It Snow! Let It Snow! Let It Snow!,"Frank Sinatra, B. Swanson Quartet",1950,10585,473248298,126,406,143,D,Major,60,86,32,88,0,34,6,Felicità
"Rauw Alejandro: Bzrp Music Sessions, Vol. 56","Rauw Alejandro, Bizarrap",2023,871,66902503,25,32,128,B,Major,78,59,65,10,0,26,5,Carica
Boy's a liar Pt. 2,"PinkPantheress, Ice Spice",2023,5184,156338624,154,102,133,F,Major,70,86,81,25,0,25,5,Felicità
Let Me Down Slowly,Alec Benjamin,2018,5897,1374581173,0,885,150,C#,Minor,65,51,55,73,0,14,3,Ballabile
It's the Most Wonderful Time of the Year,Andy Williams,1963,8879,663832097,182,160,202,G,Major,24,76,60,77,0,12,4,Carica
Forget Me,Lewis Capaldi,2022,2520,239411309,93,84,102,C#,Minor,67,72,74,30,0,36,4,Felicità
Bad Habit,Steve Lacy,2022,8186,822633917,155,131,169,C#,Major,69,69,51,63,0,38,4,Felicità
Beautiful Girl,Luciano,2022,710,160035717,16,18,140,B,Minor,84,61,42,31,0,9,9,Ballabile
LOVE DIVE,IVE,2022,753,305771063,28,13,118,C#,Minor,70,54,71,0,0,33,4,Carica
fukumean,Gunna,2023,1096,95217315,60,48,130,C#,Minor,85,22,62,12,0,28,9,Ballabile
Andrea,"Buscabulla, Bad Bunny",2022,1195,344055883,8,13,103,C#,Minor,80,45,62,76,0,10,38,Ballabile
El Azul,"Junior H, Peso Pluma",2023,692,354495408,10,6,144,A,Minor,56,84,65,23,0,10,6,Felicità
Sacrifice,The Weeknd,2022,4440,326792833,81,133,122,G,Major,70,91,79,3,0,7,10,Felicità
Komang,Raim Laode,2022,158,137123880,5,1,134,G,Major,70,35,41,41,0,10,3,Tristezza
Miss You,"Robin Schulz, Oliver Tree",2022,5730,497225336,108,197,145,F#,Minor,59,20,74,1,0,15,5,Felicità
Don't You Worry,"David Guetta, Shakira, Black Eyed Peas",2022,2442,240918092,81,248,132,B,Major,82,49,88,20,0,21,3,Carica
Leave Before You Love Me (with Jonas Brothers),"Marshmello, Jonas Brothers",2021,4893,651732901,143,110,120,G,Major,72,67,72,0,0,13,4,Felicità
Alien Blues,Vundabar,2015,1930,370068639,3,28,82,D#,Major,47,44,76,8,91,9,3,Felicità
Demasiadas Mujeres,C. Tangana,2020,2226,339473453,36,11,126,A,Minor,67,37,46,13,0,10,39,Ballabile
I Was Never There,"The Weeknd, Gesaffelstein",2018,4188,705469769,30,142,114,A#,Major,32,17,74,14,0,17,3,Felicità
Peaches (from The Super Mario Bros. Movie),Jack Black,2023,34,68216992,0,0,92,A#,Minor,71,41,31,79,0,10,5,Relax
Used (feat. Don Toliver),"SZA, Don Toliver",2022,1042,94005786,7,3,150,A#,Minor,73,71,69,53,0,32,9,Felicità
We Found Love,"Rihanna, Calvin Harris",2011,36843,1235005533,321,"4,607",128,C#,Major,73,60,77,3,0,11,4,Carica
Me Fui de Vacaciones,Bad Bunny,2022,1443,305650299,9,22,85,A#,Major,71,43,65,23,0,9,5,Ballabile
Grapejuice,Harry Styles,2022,1986,199587884,7,15,183,F,Major,65,88,72,36,14,20,3,Felicità
The Nights,Avicii,2014,17354,1456081449,92,"1,282",126,F#,Major,53,66,85,2,0,24,4,Carica
Medallo,"Justin Quiles, Lenny Tavï¿½ï¿½rez, BL",2021,2780,393230256,54,57,90,E,Minor,79,79,70,57,0,66,8,Felicità
Sure Thing,Miguel,2010,13801,950906471,137,435,81,B,Minor,68,51,60,3,0,19,10,Ballabile
Enchanted,Taylor Swift,2010,4564,621660989,24,113,164,G#,Major,45,24,62,8,0,16,3,Felicità
Adore You,Harry Styles,2019,13454,1439191367,246,519,99,G#,Major,68,57,77,2,0,10,5,Ballabile
GIVENCHY,Duki,2022,625,185236961,13,12,103,G#,Major,61,38,62,14,0,23,40,Ballabile
Ya No Somos Ni Seremos,Christian Nodal,2022,866,319757142,27,32,140,G,Major,59,73,45,44,0,34,3,Felicità
Shirt,SZA,2022,3469,309653982,71,31,120,D#,Minor,82,55,45,15,3,9,10,Ballabile
Best Friends,The Weeknd,2022,1292,101114984,3,14,87,E,Minor,49,49,59,44,0,35,21,Relax
In The End,Linkin Park,2000,25065,1624165576,63,"6,808",105,D#,Minor,55,40,90,1,0,32,6,Felicità
Area Codes,"Kaliii, Kaliii",2023,1197,113509496,44,25,155,C#,Major,82,51,39,2,0,9,49,Ballabile
"Shakira: Bzrp Music Sessions, Vol. 53","Shakira, Bizarrap",2023,5724,721975598,119,254,122,D,Minor,78,50,63,27,0,9,5,Carica
I Tried to Tell Y'all,"Ugly Dray, Tesla Jnr",2022,1657,121077868,15,3,96,B,Major,71,37,52,62,0,11,36,Relax
Numb Little Bug,Em Beihold,2022,2026,258714692,47,42,85,G#,Minor,74,61,52,30,0,26,9,Ballabile
Under The Influence,Chris Brown,2019,3859,929964809,133,3,117,A,Minor,73,31,69,6,0,11,4,Carica
XQ Te Pones Asï¿,"Yandel, Feid",2022,308,47093942,6,6,92,A#,Major,81,48,70,13,0,15,7,Ballabile
Las Morras,"BLESSD, Peso Pluma",2023,291,127026613,8,4,133,A,Minor,78,90,84,31,0,7,4,Felicità
212,"Mainstreet, Chefin",2022,352,143139338,10,39,154,D,Minor,79,86,52,66,0,9,7,Ballabile
La Bebe,Yng Lvcas,2021,489,191945597,4,5,170,D,Minor,78,75,46,62,0,12,35,Felicità
I Love You So,The Walters,2014,7536,972164968,44,135,76,A#,Major,58,46,67,65,0,13,4,Felicità
Jingle Bell Rock,Bobby Helms,1957,10326,741301563,165,104,119,D,Major,74,78,37,84,0,6,3,Ballabile
Radio,Lana Del Rey,2011,9389,284819874,24,282,150,D,Major,42,20,86,21,0,9,9,Felicità
Hits Different,Taylor Swift,2023,547,68616963,15,6,106,F,Major,67,24,78,15,0,30,4,Ballabile
Bite Me,ENHYPEN,2023,349,76767396,8,5,105,C#,Major,80,69,78,28,0,11,14,Felicità
Maroon,Taylor Swift,2022,2304,317726339,12,14,108,G,Major,64,4,40,6,0,10,6,Ballabile
All Of The Girls You Loved Before,Taylor Swift,2019,1282,185240616,26,19,96,D,Major,72,40,47,71,0,13,4,Relax
The Christmas Song (Merry Christmas To You) - Remastered 1999,Nat King Cole,1946,11500,389771964,140,251,139,C#,Major,36,22,15,84,0,11,4,Tristezza
Love Of My Life,Harry Styles,2022,1933,233671263,13,31,118,G,Major,56,20,54,67,0,6,5,Relax
Novo Balanï¿½,"Veigh, Bvga Beatz, Supernova Ent, Prod Malax",2023,283,81102253,6,26,124,D#,Minor,84,65,50,67,0,13,6,Relax
Jordan,Ryan Castro,2021,2844,394030335,29,35,180,A#,Minor,80,71,68,6,0,10,37,Felicità
Santa Tell Me,Ariana Grande,2013,9408,834129063,231,439,133,G,Major,46,53,63,5,0,30,18,Carica
There's Nothing Holdin' Me Back,Shawn Mendes,2016,12382,1714490998,229,"1,370",122,D,Major,86,97,80,36,0,9,6,Felicità
Vampiro,"Matuï¿½ï¿½, Wiu, ",2022,540,187772591,26,39,115,G#,Minor,78,63,64,1,0,7,4,Carica
Ojos Marrones,Lasso,2022,795,263280370,26,15,120,G#,Minor,81,72,65,4,0,14,4,Felicità
Just Wanna Rock,Lil Uzi Vert,2022,3995,457184829,72,47,150,B,Major,49,4,55,7,0,6,3,Felicità
Freaky Deaky,"Tyga, Doja Cat",2022,1729,153240879,26,19,104,D,Minor,80,24,65,2,0,9,4,Ballabile
Layla,"Schï¿½ï¿½rze, DJ R",2022,832,130419412,18,24,140,F,Minor,44,41,92,0,0,44,7,Carica
Closer,"The Chainsmokers, Halsey",2016,28032,2591224264,315,"2,179",95,G#,Major,75,64,52,41,0,11,3,Relax
Last Last,Burna Boy,2022,4526,293466523,156,150,88,D#,Minor,80,55,56,13,0,8,9,Ballabile
NEW MAGIC WAND,"Tyler, The Creator",2019,4708,461437791,13,55,140,F,Minor,62,46,73,10,0,67,11,Carica
Auntie Diaries,Kendrick Lamar,2022,1545,37778188,1,4,78,G,Major,43,60,38,76,1,48,38,Relax
Wait a Minute!,Willow,2015,11985,924193303,79,250,101,D#,Minor,76,63,71,3,0,10,3,Ballabile
Bad Habits,Ed Sheeran,2020,12755,1555511105,344,945,126,B,Minor,81,59,90,5,0,36,3,Carica
Celestial,Ed Sheeran,2022,1639,176474912,86,80,123,D,Major,57,50,85,5,0,16,4,Carica
Lost in the Fire,"The Weeknd, Gesaffelstein",2019,7731,686734357,110,447,101,D,Major,66,18,68,9,0,12,4,Ballabile
Rosa Pastel,"Jasiel Nuï¿½ï¿½ez, Peso P",2023,200,90025258,8,2,123,G,Minor,70,86,68,24,0,11,4,Felicità
ULTRA SOLO,"Polima WestCoast, Pailita",2022,1367,307752576,48,34,110,C#,Major,80,26,85,23,0,11,21,Carica
Tarot,"Bad Bunny, Jhay Cortez",2022,2482,608228647,27,22,114,B,Minor,80,42,68,2,0,66,4,Carica
Meet Me At Our Spot,"THE ANXIETY, Willow, Tyler Cole",2020,6734,530511203,47,90,95,D,Major,77,40,47,2,0,9,3,Ballabile
LUNA,"Junior H, Peso Pluma",2023,201,55842345,19,8,128,A,Minor,75,79,63,33,0,15,4,Felicità
Curtains,Ed Sheeran,2023,715,39893489,37,27,176,F#,Minor,50,44,76,10,0,32,5,Carica
Run BTS,BTS,2022,736,330881149,5,17,77,G#,Major,72,70,82,2,0,4,17,Felicità
Swim,Chase Atlantic,2017,2742,498960285,5,62,120,G#,Major,67,8,54,27,0,8,4,Ballabile
Blind,SZA,2022,1484,163284000,22,12,114,A,Minor,46,60,28,91,0,21,4,Relax
Question...?,Taylor Swift,2022,1608,223064273,10,12,109,G,Major,75,11,50,20,0,30,17,Ballabile
UNFORGIVEN (feat. Nile Rodgers),"Nile Rodgers, LE SSERAFIM",2023,327,92035115,14,9,104,E,Minor,80,38,88,11,0,11,5,Ballabile
IDGAF (with blackbear),"Blackbear, BoyWithUke",2022,625,197643795,10,13,98,F,Major,78,83,75,41,0,27,8,Felicità
Kahani Suno 2.0,Kaifi Khalil,2022,162,156777415,1,1,140,B,Major,58,26,38,91,0,10,4,Tristezza
Monï¿½ï¿½y so,YEAT,2021,1473,263779030,2,12,138,D,Major,69,35,57,12,0,10,9,Ballabile
Sleigh Ride,The Ronettes,1963,10114,404664135,114,262,92,D,Major,53,84,77,40,0,32,3,Felicità
Casei Com a Putaria,"MC Ryan SP, Love Funk, Mc Paiva ZS",2022,648,187701588,0,30,161,A#,Minor,59,62,60,12,0,5,44,Carica
Muï¿½ï¿½,"Steve Aoki, Tini, La Joaqui",2023,658,120972253,33,53,90,A#,Minor,68,83,71,3,0,31,8,Felicità
Lovers Rock,TV Girl,2014,6339,466231982,3,36,105,F,Minor,56,57,87,0,1,10,4,Felicità
Something In The Way - Remastered 2021,Nirvana,1991,9514,368646862,45,"1,197",106,G#,Major,44,8,20,74,42,11,3,Tristezza
Starlight,Dave,2022,1856,229473310,29,31,124,G,Major,95,36,37,35,0,10,28,Relax
Leï¿½,Marï¿½ï¿½lia Mendo,2022,993,267789608,30,88,130,F#,Major,74,79,87,45,0,30,3,Felicità
Gatita,Bellakath,2022,1054,168684524,9,15,101,G,Major,90,76,81,15,24,33,6,Felicità
Where Are You Now,"Lost Frequencies, Calum Scott",2021,10565,972509632,238,557,121,F#,Minor,67,26,64,52,0,17,10,Carica
Cartï¿½ï¿½o B,"MC Caverinha, KayBlack",2023,269,71573339,7,30,108,A,Minor,84,55,47,26,0,20,64,Ballabile
Prohibidox,Feid,2022,1473,185392587,25,25,180,C#,Minor,65,52,80,5,0,6,25,Carica
Worldwide Steppers,Kendrick Lamar,2022,1480,61739839,1,5,72,A#,Minor,56,56,47,76,0,8,36,Relax
THATS WHAT I WANT,Lil Nas X,2021,7963,920797189,173,298,88,C#,Minor,74,55,85,1,0,5,22,Ballabile
Boy's a liar,PinkPantheress,2022,1225,156338624,27,28,133,F,Major,66,74,84,25,0,21,4,Felicità
You Right,"Doja Cat, The Weeknd",2021,5073,672656250,83,100,129,G#,Major,83,44,62,2,0,8,6,Carica
Chale,Eden Muï¿½ï,2022,695,299648208,16,13,189,G#,Major,55,86,44,40,0,7,4,Felicità
"Would've, Could've, Should've",Taylor Swift,2022,1715,177503916,4,8,158,G,Major,48,55,84,43,0,15,12,Carica
STAYING ALIVE (feat. Drake & Lil Baby),"Drake, DJ Khaled, Lil Baby",2022,2107,170732845,51,50,130,E,Minor,72,18,46,7,0,28,8,Ballabile
295,Sidhu Moose Wala,2021,246,183273246,4,0,90,B,Minor,68,54,76,21,0,11,20,Ballabile
When I R.I.P.,Labrinth,2019,2578,203680270,8,66,80,G#,Minor,39,45,55,73,0,9,21,Relax
ZOOM,Jessi,2022,608,136996305,5,14,100,F#,Major,87,46,60,1,0,13,16,Ballabile
Levitating,Dua Lipa,2020,9833,797196073,233,531,103,F#,Minor,69,90,88,5,0,29,8,Felicità
Hold My Hand,Lady Gaga,2022,2528,238350348,63,270,148,G,Major,51,21,63,5,0,41,3,Felicità
Lucid Dreams,Juice WRLD,2017,14749,2288695111,188,710,84,B,Minor,44,22,48,38,0,33,24,Relax
Talk,YEAT,2022,920,148461629,10,8,140,E,Minor,70,26,76,8,0,54,23,Carica
Se Le Ve,"Arcangel, De La Ghetto, Justin Quiles, Lenny Tavï¿½ï¿½rez, Sech, Dalex, Dimelo Flow, Rich Music",2021,1560,223319934,72,0,84,G,Minor,56,61,76,10,0,14,11,Felicità
Donï¿½ï¿½ï¿½t Bl,Taylor Swift,2017,4875,685032533,19,0,136,A,Minor,62,19,53,11,0,6,4,Ballabile
Shorty Party,"Cartel De Santa, La Kelly",2023,432,162887075,8,12,96,D,Major,93,47,47,33,0,10,36,Ballabile
Shape of You,Ed Sheeran,2017,32181,3562543890,33,"6,808",96,C#,Minor,83,93,65,58,0,9,8,Felicità
What Else Can I Do?,"Stephanie Beatriz, Diane Guerrero",2021,802,154797871,13,8,120,E,Major,72,54,71,26,0,10,4,Carica
TQM,Fuerza Regida,2023,584,176553476,16,15,125,F,Minor,79,96,85,27,0,11,6,Felicità
No Lie,"Sean Paul, Dua Lipa",2016,7370,956865266,92,"1,219",102,G,Major,74,45,89,5,0,26,13,Ballabile
Titi Me Preguntï¿,Bad Bunny,2022,9037,1264310836,124,139,107,F,Minor,65,19,72,10,0,13,25,Ballabile
First Class,Jack Harlow,2022,8737,694525298,163,137,107,G#,Major,91,32,56,3,0,11,10,Ballabile
FEARLESS,LE SSERAFIM,2022,629,229497852,18,9,104,G,Major,86,43,62,5,0,13,14,Ballabile
Pasoori,"Shae Gill, Ali Sethi",2022,349,284249832,10,3,92,B,Minor,71,67,60,7,0,6,4,Felicità
Pipoco,"Melody, Ana Castela, Dj Chris No Beat",2022,1112,191873381,22,65,135,G#,Major,77,74,74,47,0,34,8,Felicità
Mockingbird,Eminem,2004,12985,1241559043,49,"2,394",84,E,Minor,62,24,67,21,0,13,28,Ballabile
The Rumbling (TV Size),SiM,2022,254,71014967,0,23,145,G#,Major,41,65,88,0,0,26,5,Carica
I AM,IVE,2023,366,123132751,16,7,122,E,Minor,68,38,88,1,0,8,5,Carica
RAPSTAR,Polo G,2021,4731,797402345,141,78,81,F#,Major,79,44,54,41,0,13,24,Relax
United In Grief,Kendrick Lamar,2022,2575,156898322,4,12,87,G#,Major,52,32,83,24,0,17,43,Felicità
Take My Breath,The Weeknd,2021,2597,130655803,17,38,121,A#,Minor,70,35,77,1,0,26,4,Carica
Cï¿½ï¿½,Rauw Alejandro,2021,2636,465959382,36,39,102,A,Minor,77,26,63,58,0,11,5,Ballabile
Potion (with Dua Lipa & Young Thug),"Calvin Harris, Dua Lipa, Young Thug",2022,3983,190625045,73,119,100,B,Minor,82,76,70,16,0,8,5,Felicità
Seu Brilho Sumiu - Ao Vivo,"Israel & Rodolffo, Mari Fernandez",2023,967,138517666,7,51,154,F#,Major,63,75,92,31,0,91,5,Felicità
Shut up My Moms Calling - (Sped Up),Hotel Ugly,2022,713,181831132,2,6,85,F,Minor,65,36,47,31,0,12,10,Tristezza
All I Want for Christmas Is You,Mariah Carey,1994,25653,1449779435,387,"2,094",150,G,Major,34,33,63,16,0,7,4,Carica
Mother I Sober (feat. Beth Gibbons of Portishead),"Kendrick Lamar, Beth Gibbons",2022,1890,33381454,3,2,140,G#,Minor,49,50,37,87,0,11,35,Felicità
Erro Gostoso - Ao Vivo,Simone Mendes,2023,984,153454328,8,76,154,F#,Major,59,63,89,18,0,80,9,Carica
WHERE SHE GOES,Bad Bunny,2023,3133,303236322,84,87,144,A,Minor,65,23,80,14,63,11,6,Ballabile
this is what falling in love feels like,JVKE,2021,2005,346127840,16,43,129,B,Major,42,33,44,62,0,8,6,Relax
Daydreaming,Harry Styles,2022,1900,187703102,15,23,114,E,Minor,71,90,81,31,2,13,3,Felicità
Worst Day,Future,2022,910,50746620,20,24,89,C#,Major,65,60,60,11,0,10,40,Ballabile
Ley Seca,"Anuel Aa, Jhay Cortez",2021,2012,355219175,101,38,105,G#,Major,76,58,84,10,0,13,10,Ballabile
Still Life,BIGBANG,2022,181,53909146,16,7,118,G#,Major,68,24,58,44,0,6,3,Relax
Cold Heart - PNAU Remix,"Dua Lipa, Elton John, Pnau",2017,21097,1605224506,384,"1,034",116,C#,Major,80,92,80,4,0,10,3,Felicità
Friday (feat. Mufasa & Hypeman) - Dopamine Re-Edit,"Riton, Nightcrawlers, Mufasa & Hypeman, Dopamine",2021,12043,863756573,209,710,123,D,Major,82,80,86,1,0,30,13,Felicità
Underneath the Tree,Kelly Clarkson,2013,6596,485285717,144,251,160,G#,Major,51,69,81,0,0,21,5,Carica
Sad Girlz Luv Money Remix (feat. Kali Uchis),"Kali Uchis, Amaarae, Moliy",2021,3643,354065229,69,70,110,C#,Minor,86,31,53,43,0,11,6,Relax
(It Goes Like) Nanana - Edit,Peggy Gou,2023,2259,57876440,0,109,130,G,Minor,67,96,88,12,19,8,4,Felicità
Frï¿½ï¿½gil (feat. Grupo Front,"Yahritza Y Su Esencia, Grupo Frontera",2023,672,188933502,19,24,150,F#,Major,61,39,73,37,0,11,3,Carica
Snow On The Beach (feat. More Lana Del Rey),"Lana Del Rey, Taylor Swift",2023,359,60350538,1,9,110,F#,Minor,66,32,40,81,0,11,3,Relax
Somewhere Only We Know,Keane,2004,20015,1089402494,107,"5,239",172,A,Major,45,33,59,6,0,8,3,Felicità
Rush,Troye Sivan,2023,864,22581161,71,50,126,F,Minor,74,35,84,0,0,11,6,Carica
Little Freak,Harry Styles,2022,2302,273194684,20,39,142,D#,Major,56,40,54,72,0,10,4,Felicità
Glimpse of Us,Joji,2022,6330,988515741,109,158,170,G#,Major,44,27,32,89,0,14,5,Tristezza
It'll Be Okay,Shawn Mendes,2021,1950,287201015,56,104,78,G,Major,40,7,29,62,0,9,3,Tristezza
Niagara Falls (Foot or 2) [with Travis Scott & 21 Savage],"Travis Scott, 21 Savage, Metro Boomin",2022,1602,195516622,12,12,88,G,Minor,49,24,66,19,0,18,29,Felicità
LA INOCENTE,"Feid, Mora",2022,2598,477033549,28,43,92,F,Minor,76,46,79,31,0,7,6,Ballabile
Merry Christmas Everyone,Shakin' Stevens,1984,1087,351636786,90,5,101,C#,Minor,72,91,87,14,0,13,3,Felicità
Sigue,"Ed Sheeran, J Balvin",1996,1370,106933107,46,60,88,G,Major,89,59,64,5,0,19,7,Ballabile
Woman,Doja Cat,2021,9424,1329090101,202,463,108,F,Minor,82,88,76,9,0,12,9,Felicità
she's all i wanna be,Tate McRae,2022,2711,343197054,105,51,160,D,Minor,61,65,64,1,0,12,4,Felicità
Dakiti,"Bad Bunny, Jhay Cortez",2020,11215,1763363713,189,525,110,E,Minor,73,14,57,40,0,11,5,Ballabile
Nosso Quadro,"Ana Castela, AgroPlay",2023,894,233801632,14,66,160,A,Major,69,61,71,33,0,31,20,Carica
BABY HELLO,"Rauw Alejandro, Bizarrap",2023,1004,54266102,42,58,130,C#,Minor,77,84,89,17,0,43,5,Felicità
Starry Eyes,The Weeknd,2022,1014,74601456,1,11,86,A,Minor,28,13,41,50,0,19,3,Tristezza
"jealousy, jealousy",Olivia Rodrigo,2021,3257,665765558,10,70,164,A#,Minor,70,71,58,24,0,7,13,Felicità
Believer,Imagine Dragons,2017,18986,2594040133,250,"2,969",125,A#,Minor,77,74,78,4,0,23,11,Felicità
Bamba (feat. Aitch & BIA),"Luciano, Aitch, Bï¿½",2022,869,146223492,14,12,138,A#,Major,80,82,81,14,0,13,36,Felicità
Daddy Issues,The Neighbourhood,2015,9771,1127468248,42,384,85,A#,Major,59,33,52,7,15,12,3,Felicità
golden hour,JVKE,2022,4511,751134527,70,109,94,C#,Minor,51,14,59,65,18,25,3,Felicità
Kill Bill,SZA,2022,8109,1163093654,183,161,89,G#,Major,64,43,73,5,17,16,4,Ballabile
Reminder,The Weeknd,2016,6518,684675814,45,238,160,G#,Major,71,40,50,16,0,16,22,Ballabile
Angels Like You,Miley Cyrus,2020,3372,570515054,65,138,122,F,Major,67,49,64,10,0,10,3,Carica
Volvï¿,"Aventura, Bad Bunny",2021,5375,673801126,138,133,176,C#,Major,73,79,86,42,0,7,18,Felicità
Yonaguni,Bad Bunny,2021,9644,1260594497,120,164,180,C#,Major,64,44,65,28,0,14,12,Carica
Abcdario,"Junior H, Eden Muï¿½ï",2023,262,89933133,8,4,129,G#,Major,70,42,43,78,0,11,3,Relax
Efecto,Bad Bunny,2022,4004,1047480053,34,43,98,G,Minor,80,23,48,14,0,6,5,Ballabile
Tï¿½ï¿,"dennis, MC Kevin o Chris",2023,731,111947664,27,73,130,B,Major,86,59,96,50,1,9,5,Carica
After Hours,The Weeknd,2020,8084,698086140,45,218,109,F,Minor,66,16,57,10,1,12,3,Ballabile
Matilda,Harry Styles,2022,3218,366214458,29,79,114,D,Major,51,39,29,90,0,10,4,Relax
Stefania (Kalush Orchestra),KALUSH,2022,555,53729194,10,4,105,D,Major,83,32,82,14,0,12,4,Ballabile
Mirror,Kendrick Lamar,2022,1929,53603447,2,4,92,E,Minor,66,29,65,23,0,8,7,Ballabile
Say You Won't Let Go,James Arthur,2016,15722,2420461338,231,"1,509",99,A#,Major,40,45,56,69,0,9,5,Relax
Un Coco,Bad Bunny,2022,1029,403231558,5,9,152,B,Major,84,74,69,21,0,18,6,Felicità
Igualito a Mi Apï¿,"Fuerza Regida, Peso Pluma",2022,265,158950978,8,5,145,E,Minor,76,80,81,19,0,6,9,Felicità
Savior - Interlude,Kendrick Lamar,2022,1194,37091576,0,3,118,F,Minor,66,83,43,84,0,19,19,Ballabile
good 4 u,Olivia Rodrigo,2021,15563,1887039593,259,461,166,F#,Minor,56,68,66,28,0,11,18,Carica
Do It To It,"Cherish, ACRAZE",2021,12403,674772936,183,465,125,B,Minor,85,64,81,2,5,7,9,Carica
A Veces (feat. Feid),"Feid, Paulo Londra",2022,573,73513683,2,7,92,C#,Major,80,81,67,4,0,8,6,Felicità
Lose Yourself - Soundtrack Version,Eminem,2002,32502,1829992958,247,"5,567",171,D,Major,70,6,73,1,0,36,26,Felicità
Players,Coi Leray,2022,4096,335074782,118,143,105,F#,Major,95,62,52,3,0,5,16,Ballabile
Creep,Radiohead,1992,36724,1271293243,146,"6,807",92,G,Major,53,12,34,1,0,12,4,Ballabile
Dance Monkey,Tones and I,2019,24529,2864791672,533,"3,595",98,F#,Minor,82,54,59,69,0,18,10,Relax
TUS Lï¿½ï¿½GR,"Sech, Mora",2022,1308,184622518,23,9,174,C#,Major,68,45,71,18,0,11,25,Carica
It's Beginning To Look A Lot Like Christmas,Michael Bublï¿,2011,12353,807561936,35,549,93,E,Major,35,38,23,91,0,29,3,Relax
Otro Atardecer,"Bad Bunny, The Marï¿½ï",2022,1681,319546754,10,13,108,D,Major,78,55,60,59,0,7,4,Relax
Lo Siento BB:/ (with Bad Bunny & Julieta Venegas),"Julieta Venegas, Bad Bunny, Tainy",2021,3423,775542072,61,53,170,E,Minor,64,14,70,9,0,9,8,Felicità
Crazy What Love Can Do,"David Guetta, Ella Henderson, Becky Hill",2022,5290,286739476,139,142,123,E,Minor,60,46,71,3,0,16,4,Carica
Mine (Taylor's Version),Taylor Swift,2023,99,36912123,21,6,121,G,Major,65,49,78,0,0,17,4,Carica
Mr. Brightside,The Killers,2003,51979,1806617704,306,"5,063",148,C#,Major,35,24,93,0,0,10,8,Felicità
Good Days,SZA,2020,10426,826623384,133,182,121,C#,Minor,46,53,78,23,0,72,6,Carica
LALA,Myke Towers,2023,1474,133716286,48,58,92,C#,Major,71,61,74,7,0,10,4,Ballabile
El Rescate,"Grupo Marca Registrada, Junior H",2022,527,287278853,10,3,99,G,Minor,79,64,59,28,0,11,14,Ballabile
Fair Trade (with Travis Scott),"Drake, Travis Scott",2021,5403,593917618,118,96,168,C#,Major,67,29,47,5,0,22,26,Ballabile
Makeba,Jain,2015,6060,165484133,150,"2,703",116,D,Major,82,40,66,39,51,25,7,Carica
Hummingbird (Metro Boomin & James Blake),"James Blake, Metro Boomin",2023,277,39666245,1,5,81,F#,Major,59,26,60,46,1,25,13,Relax
Style,Taylor Swift,2014,7830,786181836,94,151,95,D,Major,60,48,79,0,0,12,4,Ballabile
En El Radio Un Cochinero,Victor Cibrian,2022,514,164856284,5,1,154,F#,Minor,70,97,62,47,0,10,4,Felicità
TO THE MOON,Jnr Choi,2021,2979,245095641,44,159,144,D,Major,74,39,65,5,1,11,35,Carica
Notice Me,SZA,2022,819,62019074,14,0,160,F,Major,72,78,68,28,0,11,12,Felicità
Fingers Crossed,"Lauren Spencer Smith, Lauren Spencer Smith, Lauren Spencer Smith",2022,2235,349585590,65,70,109,F,Major,60,45,47,62,0,31,5,Relax
Don't Start Now,Dua Lipa,2019,27119,2303033973,532,"1,535",124,B,Minor,79,68,79,1,0,10,8,Felicità
Take Two,BTS,2023,674,118482347,20,25,93,G,Major,62,57,59,3,0,38,3,Ballabile
ýýýýýýýýýýýýýýýýýýýýý,Fujii Kaze,2020,685,403097450,24,9,158,F#,Minor,60,52,76,17,0,19,5,Carica
family ties (with Kendrick Lamar),"Kendrick Lamar, Baby Keem",2021,6308,560222750,114,63,134,C#,Major,71,14,61,1,0,23,33,Ballabile
TRUSTFALL,P!nk,2023,2098,134255790,88,101,122,G#,Major,64,25,89,0,0,15,9,Carica
Master of Puppets (Remastered),Metallica,1986,6080,704171068,112,406,105,E,Minor,54,59,83,0,44,20,4,Felicità
Cupid ï¿½ï¿½ï¿½ Twin Ver. (FIFTY FIFTY) ï¿½ï¿½ï¿½ Spe,sped up 8282,1997,472,103762518,0,6,144,F,Major,74,75,73,42,0,9,4,Felicità
As It Was,Harry Styles,2022,23575,2513188493,403,863,174,F#,Minor,52,66,73,34,0,31,6,Carica
Man Made A Bar (feat. Eric Church),"Morgan Wallen, Eric Church",2023,329,58890931,14,1,148,E,Major,50,49,76,12,0,12,3,Carica
California Love - Original Version (Explicit),"Dr. Dre, 2Pac, Roger",1995,18773,579395142,128,"1,663",92,G,Major,77,76,84,3,0,38,4,Felicità
KICK BACK,Kenshi Yonezu,2022,574,210038833,38,26,102,C#,Major,58,29,94,0,0,9,11,Felicità
REMIX EXCLUSIVO,Feid,2023,1235,117206995,20,15,87,F,Minor,65,71,56,4,0,15,20,Felicità
Just The Way You Are,Bruno Mars,2010,21106,1641426668,82,"2,946",109,F,Major,63,46,85,1,0,9,5,Ballabile
Broke Boys,"Drake, 21 Savage",2022,1060,106249219,3,5,120,D,Major,64,11,53,1,0,25,27,Ballabile
Wake Me Up - Radio Edit,Avicii,2013,50887,1970673297,315,"6,284",124,D,Major,53,66,78,0,0,16,5,Carica
Oh My God,Adele,2021,4431,466214729,105,199,88,C#,Major,53,55,73,9,0,3,5,Felicità
Vigilante Shit,Taylor Swift,2022,1948,253650850,12,16,80,E,Minor,80,16,28,17,0,12,39,Ballabile
pushin P (feat. Young Thug),"Young Thug, Future, Gunna",2022,3517,311395144,54,43,78,C#,Minor,77,49,42,1,1,13,19,Ballabile
Super,SEVENTEEN,2023,271,91221625,16,9,137,G#,Major,77,35,88,16,0,17,9,Carica
Blessed-Cursed,ENHYPEN,2022,246,77337771,2,10,127,E,Minor,60,40,89,9,0,60,6,Carica
Bar,"Tini, L-Gante",2021,755,200972675,22,0,94,C#,Major,52,68,69,13,0,33,8,Felicità
N95,Kendrick Lamar,2022,5542,301242089,52,65,140,D#,Minor,81,39,66,38,0,12,14,Carica
Piï¿½ï¿½man Deï¿,"Semicenk, Doï¿½ï¿½u ",2023,185,43522589,5,4,98,A#,Minor,73,45,62,28,0,13,13,Ballabile
POP!,Nayeon,2022,571,213505179,19,14,97,D,Major,80,36,86,4,0,3,5,Ballabile
We Cry Together,"Kendrick Lamar, Taylour Paige",2022,1635,68895644,4,6,108,B,Major,65,52,69,31,0,8,36,Ballabile
Mon Amour - Remix,"Aitana, zzoilo",2020,3221,578207856,67,139,116,D,Major,75,36,76,12,0,10,10,Carica
Ain't Shit,Doja Cat,2021,3436,499710590,32,46,124,D#,Major,86,62,49,51,0,35,21,Relax
Salimo de Noche,"Trueno, Tiago pzk",2021,1057,261414174,17,21,84,D,Major,67,78,63,29,0,12,5,Felicità
Karma,Taylor Swift,2022,3818,404562836,37,32,90,G#,Major,64,10,62,7,0,48,7,Ballabile
Beggin,Mï¿½ï¿½ne,2017,8559,1367810478,183,964,134,B,Minor,71,59,80,13,0,36,5,Carica
Arcade,Duncan Laurence,2019,6646,991336132,107,584,72,A,Minor,45,27,33,82,0,14,4,Relax
Music For a Sushi Restaurant,Harry Styles,2022,4449,334733572,80,66,107,B,Major,72,36,72,26,6,11,4,Ballabile
Shoong! (feat. LISA of BLACKPINK),"TAEYANG, Lisa",2023,351,76910644,16,10,110,B,Minor,76,26,70,1,0,41,6,Carica
Popular (with Playboi Carti & Madonna) - The Idol Vol. 1 (Music from the HBO Original Series),"The Weeknd, Madonna, Playboi Carti",2023,1945,115364561,74,87,99,C#,Major,85,83,68,7,0,36,20,Felicità
SPIT IN MY FACE!,ThxSoMch,2022,629,303216294,32,9,94,G#,Major,73,65,79,5,2,11,6,Felicità
Infinity,Jaymes Young,2017,4375,888046992,24,396,122,B,Minor,67,50,67,15,0,30,4,Carica
Night Changes,One Direction,2014,7124,1131090940,60,2,120,G#,Major,67,40,52,86,0,12,4,Relax
10:35,"Tiï¿½ï¿½sto, Tate M",2022,4942,325592432,190,147,120,G#,Major,70,70,79,7,0,18,10,Felicità
"All The Way Live (Spider-Man: Across the Spider-Verse) (Metro Boomin & Future, Lil Uzi Vert)","Future, Lil Uzi Vert, Metro Boomin",2023,259,37126685,5,5,135,A,Minor,77,28,55,18,0,22,15,Ballabile
WORTH NOTHING,"Twisted, Oliver Tree",2022,1612,213438580,34,34,140,D,Minor,58,17,62,18,0,20,8,Felicità
"Stay With Me (with Justin Timberlake, Halsey, & Pharrell)","Calvin Harris, Halsey, Pharrell Williams, Justin Timberlake",2022,3113,123473120,54,124,126,A,Major,81,90,73,28,0,29,4,Felicità
Happy Xmas (War Is Over),"John Lennon, The Harlem Community Choir, The Plastic Ono Band, Yoko Ono",1971,10829,460492795,130,390,147,D,Major,33,39,61,32,0,77,3,Carica
Super Gremlin,Kodak Black,2021,2551,342779426,52,35,73,D,Major,83,11,41,0,0,36,14,Ballabile
My Universe,"Coldplay, BTS",2021,6127,1061966512,0,0,105,A,Major,58,42,68,1,0,14,4,Felicità
Nos Comemos (feat. Ozuna),"Ozuna, Tiago pzk",2022,896,138334433,0,2,92,F#,Major,83,56,82,10,0,9,5,Ballabile
Heaven,Niall Horan,2023,1553,144584800,61,48,92,F,Major,57,68,76,7,0,33,3,Felicità
Pantysito,"Feid, Alejo, Robi",2022,2995,273005485,49,30,98,G,Minor,83,63,74,14,0,16,6,Ballabile
"Gol Bolinha, Gol Quadrado 2","Mc Pedrinho, DJ 900",2023,293,11956641,5,30,133,B,Minor,93,68,65,42,0,12,25,Felicità
Cool for the Summer,Demi Lovato,2015,9243,677389855,155,577,114,F,Minor,59,30,62,1,0,8,4,Carica
Dandelions,Ruth B.,2017,3423,1116995633,41,59,117,C#,Major,61,45,69,2,0,9,3,Carica
How Do I Say Goodbye,Dean Lewis,2022,2163,284785823,72,58,82,G#,Major,40,39,64,21,0,7,7,Felicità
All My Life (feat. J. Cole),"J. Cole, Lil Durk",2023,2175,144565150,69,69,143,D#,Major,83,69,44,15,0,10,33,Ballabile
Gasoline,The Weeknd,2022,2297,116903579,11,14,123,F#,Minor,74,35,73,0,0,21,5,Carica
Sem Alianï¿½ï¿½a no ,"MC Xenon, Os Gemeos da Putaria",2022,454,93587665,6,21,83,C#,Major,53,40,36,73,0,11,33,Relax
Lavender Haze,Taylor Swift,2022,3763,488386797,51,38,97,A#,Major,73,10,44,26,0,16,8,Tristezza
Need To Know,Doja Cat,2021,6672,1042568408,125,150,130,C#,Major,66,19,61,30,0,9,7,Ballabile
OMG,NewJeans,2023,1783,430977451,26,15,127,A,Minor,80,74,77,36,0,11,4,Felicità
Hrs and Hrs,Muni Long,2021,1800,181328253,43,46,140,G#,Minor,51,66,53,60,0,11,18,Felicità
"Peso Pluma: Bzrp Music Sessions, Vol. 55","Bizarrap, Peso Pluma",2023,1313,200647221,17,32,133,F,Minor,85,81,67,26,0,12,5,Felicità
Savior,"Kendrick Lamar, Sam Dew, Baby Keem",2022,2291,86176890,9,8,123,G#,Major,61,66,71,53,0,32,46,Felicità
CORAZï¿½ï¿½N VA,Maria Becerra,2023,370,43857627,12,18,98,C#,Major,68,40,79,33,0,30,6,Ballabile
Everybody Wants To Rule The World,Tears For Fears,1985,41751,1205951614,101,"2,655",112,G,Major,64,54,81,36,0,11,6,Carica
Superman,"Eminem, Dina Rae",2002,7615,655466831,18,"1,005",130,E,Minor,80,64,76,2,0,20,6,Carica
Smoking on my Ex Pack,SZA,2022,811,57144458,6,3,81,G#,Major,47,33,68,24,0,22,38,Felicità
Money Trees,"Kendrick Lamar, Jay Rock",2012,26792,1093605526,69,695,144,E,Minor,74,37,53,7,0,21,10,Ballabile
